currency,date_time,extracted_value_high,extracted_value_low,frequency,job_hash,normalized_annual_high,normalized_annual_high_usd,normalized_annual_low,normalized_annual_low_usd,normalized_currency,normalized_frequency
USD,2024-08-22,45.13,27.40,hourly,749bd2e6052d38a5331d216924029848,93870.40,93870.40,56992.00,56992.00,USD,hourly
USD,2026-08-19,None,15.00,hourly,749a5e37b002c17a3f118d9adc3a5904,None,None,31200.00,31200.00,USD,hourly
USD,2022-06-24,43.00,31.00,hourly,749b429aa15dec233da10d2658f5ce11,89440.00,89440.00,64480.00,64480.00,USD,hourly
USD,2026-03-07,17.63,15.25,hourly,749a69842217d98e22eacd57aa27343d,36670.40,36670.40,31720.00,31720.00,USD,hourly
USD,2024-04-25,171000.00,100000.00,yearly,749ace186dcf35fd108f9434a639cdde,171000.00,171000.00,100000.00,100000.00,USD,yearly
USD,2026-08-25,18.00,17.00,hourly,749baf1cbd285d04a4473d935ce67823,37440.00,37440.00,35360.00,35360.00,USD,hourly
USD,2020-05-30,None,100.00,None,749af40f9494ce4f97d170a121ac6fdb,None,None,208000.00,208000.00,USD,hourly
USD,2023-09-27,29.71,19.80,hourly,749b7531615a3ed28b14630d57df8b9c,61796.80,61796.80,41184.00,41184.00,USD,hourly
USD,2025-06-30,126000.00,78000.00,yearly,749a872be6d4f2d908fce70d759baa54,126000.00,126000.00,78000.00,78000.00,USD,yearly
USD,2025-07-11,23.75,21.75,hourly,749ac743b4977435adb2009fc9f24ad9,49400.00,49400.00,45240.00,45240.00,USD,hourly
USD,2023-07-20,16.50,15.50,hourly,749b29fb1245e18b7d5c8e08a8b5542a,34320.00,34320.00,32240.00,32240.00,USD,hourly
USD,2024-07-18,None,35.50,hourly,749a997bb2cabd73bf114c14bc8594da,None,None,73840.00,73840.00,USD,hourly
USD,2019-03-08,103436.00,50927.00,yearly,749b6ad9819ef527a15a8b909c14b2b8,103436.00,103436.00,50927.00,50927.00,USD,yearly
USD,2025-11-20,None,15000.00,None,749b0b3e14586ea294827831a5720a4f,None,None,15000.00,15000.00,USD,yearly
USD,2025-10-19,16.50,16.00,hourly,749a9715d559d1bfeb5c204474e053c3,34320.00,34320.00,33280.00,33280.00,USD,hourly
USD,2025-01-22,195000.00,128250.00,None,749adff0b917e3596fcb68dd7ab7e68f,195000.00,195000.00,128250.00,128250.00,USD,yearly
USD,2024-09-10,19.00,15.00,hourly,749a698f002dfd468cd4420ac486aadd,39520.00,39520.00,31200.00,31200.00,USD,hourly
USD,2026-03-25,20.00,16.50,hourly,749ae17552cc65d6d4c20722ccb25b78,41600.00,41600.00,34320.00,34320.00,USD,hourly
USD,2022-10-28,14.00,12.00,hourly,749ab1a0e7cb3dce071f52a8d31a21d9,29120.00,29120.00,24960.00,24960.00,USD,hourly
USD,2026-04-15,89273.60,79539.00,yearly,749ad667cefeca1e3d06e0ff100c47ed,89273.60,89273.60,79539.00,79539.00,USD,yearly
USD,2022-02-10,15.99,15.52,None,749af94e8079d576ee08c6fba74193c2,33259.20,33259.20,32281.60,32281.60,USD,hourly
USD,2025-09-25,17.00,15.00,hourly,749b520a2d68e9125edd25e32caafaaa,35360.00,35360.00,31200.00,31200.00,USD,hourly
USD,2024-09-17,None,15.00,hourly,749b8bda6ff5966053855090092ab4bf,None,None,31200.00,31200.00,USD,hourly
USD,2026-01-30,142576.00,66575.00,yearly,749a8c3eb94eb15462fbf6d70da607ff,142576.00,142576.00,66575.00,66575.00,USD,yearly
USD,2023-03-30,25.00,22.00,hourly,749a734fe86f8e04a67b661765e0dfa4,52000.00,52000.00,45760.00,45760.00,USD,hourly
USD,2025-12-23,125000.00,115000.00,None,749a8f479465bf1b6e378c309ea69757,125000.00,125000.00,115000.00,115000.00,USD,yearly
USD,2024-08-14,None,20.00,hourly,749a8de1ab5d432ae4c25bfb5a6ced5d,None,None,41600.00,41600.00,USD,hourly
USD,2022-05-03,193400.00,129000.00,None,749b5e61cfe599249ed5b4628ac9648e,193400.00,193400.00,129000.00,129000.00,USD,yearly
USD,2022-07-17,None,19.50,hourly,749bdcba2e23751ba5c51726f079a0d8,None,None,40560.00,40560.00,USD,hourly
USD,2026-07-02,None,40320.80,None,749bbd1929b68296310962982287bae1,None,None,40320.80,40320.80,USD,yearly
USD,2025-10-05,131298.00,103870.00,yearly,749a856d26668bf6137ad4107c0c6e1e,131298.00,131298.00,103870.00,103870.00,USD,yearly
USD,2025-11-16,125000.00,105000.00,yearly,749adc6925622a86cd7b72845cc9a054,125000.00,125000.00,105000.00,105000.00,USD,yearly
USD,2026-07-17,None,92700.00,yearly,749ba6ecf2402420fa64136af75e9e66,None,None,92700.00,92700.00,USD,yearly
USD,2026-03-25,None,57.50,hourly,749acacd55780478ccd9b12cb420ed85,None,None,119600.00,119600.00,USD,hourly
USD,2024-07-01,200000.00,180000.00,None,749bb945382944b88310eb166433c343,200000.00,200000.00,180000.00,180000.00,USD,yearly
None,2023-08-24,19.00,15.00,hourly,749a70ec59bdf30aaf4cbb5ebac2c2d6,39520.00,39520.00,31200.00,31200.00,USD,hourly
USD,2023-03-26,22.00,15.00,hourly,749b2348f9d412e2a556fca28828837f,45760.00,45760.00,31200.00,31200.00,USD,hourly
USD,2025-02-24,22.00,20.00,hourly,749aa23c98bb9f24dafc474041e39ee7,45760.00,45760.00,41600.00,41600.00,USD,hourly
None,2026-08-07,25.23,20.76,hourly,749add0a6bc588c857dfd5fcac44a084,52478.40,52478.40,43180.80,43180.80,USD,hourly
USD,2023-04-26,125000.00,95000.00,yearly,749bbcdcaac41bb0c2945902274f8f7f,125000.00,125000.00,95000.00,95000.00,USD,yearly
USD,2024-07-05,64000.00,40000.00,yearly,749b9596d9241deb12e4c28bd43e25aa,64000.00,64000.00,40000.00,40000.00,USD,yearly
USD,2023-02-27,25.00,17.00,hourly,749a57fe1ded44c2906aa70d82894e53,52000.00,52000.00,35360.00,35360.00,USD,hourly
USD,2026-06-06,None,18.00,hourly,749b3d7bf20a9dbd5c93ee8e74c46e93,None,None,37440.00,37440.00,USD,hourly
USD,2026-08-19,None,33.63,hourly,749ba7ef5e0a7d8e7df83309546ee129,None,None,69950.40,69950.40,USD,hourly
USD,2026-06-30,25.00,16.50,hourly,749af402b0741b7ce33d30a53019ae1f,52000.00,52000.00,34320.00,34320.00,USD,hourly
USD,2026-02-18,None,26.61,hourly,749b9bfec959a8820549782d80b2c258,None,None,55348.80,55348.80,USD,hourly
USD,2026-02-04,115000.00,78000.00,yearly,749b18732cb17319b882918edf0a9c77,115000.00,115000.00,78000.00,78000.00,USD,yearly
USD,2023-12-04,120159.00,73944.00,None,749a7dfc22c7c3a9f4e2ad3e49d15313,120159.00,120159.00,73944.00,73944.00,USD,yearly
USD,2022-09-15,None,15.00,hourly,749b5898bd0ec8e74856b063706354bd,None,None,31200.00,31200.00,USD,hourly
USD,2026-08-12,18.00,15.00,hourly,749b866c3e52bc51f0f37293e8996740,37440.00,37440.00,31200.00,31200.00,USD,hourly
USD,2024-04-12,18.00,17.00,hourly,749ad79cca83eb8ef6bca0b2fe6d00e0,37440.00,37440.00,35360.00,35360.00,USD,hourly
USD,2021-08-07,None,19.05,hourly,749bc99a9378a6391e8ed7b1974853f1,None,None,39624.00,39624.00,USD,hourly
USD,2022-02-01,None,12.00,hourly,749a923e1a73835fa2f64fa02fdcc213,None,None,24960.00,24960.00,USD,hourly
USD,2020-06-14,10.50,10.00,hourly,749bc5be321a51615f0be5ba78ee2525,21840.00,21840.00,20800.00,20800.00,USD,hourly
USD,2023-08-04,82000.00,72000.00,yearly,749a9c548a67909a5f5b154e313ac5de,82000.00,82000.00,72000.00,72000.00,USD,yearly
USD,2020-12-11,None,11.00,hourly,749ba326e618c22126aad1e1cb314650,None,None,22880.00,22880.00,USD,hourly
USD,2023-09-28,149700.00,72900.00,yearly,749a59c429ae360f604f72978b175bdd,149700.00,149700.00,72900.00,72900.00,USD,yearly
USD,2025-07-30,None,60.00,hourly,749b053ad01c4128496b9e00fcf04bbe,None,None,124800.00,124800.00,USD,hourly
USD,2023-03-03,22.00,20.00,hourly,749b308d06d7ce8c580653f26ed67160,45760.00,45760.00,41600.00,41600.00,USD,hourly
USD,2023-07-25,None,19.03,hourly,749b1d4bf5487ed0ba3a0a35c446ff80,None,None,39582.40,39582.40,USD,hourly
USD,2025-01-12,None,18.00,hourly,749bdb62ed6afcf05d23031264736901,None,None,37440.00,37440.00,USD,hourly
USD,2025-11-20,17.10,13.75,hourly,749af19c28becb7e0339b7f073999005,35568.00,35568.00,28600.00,28600.00,USD,hourly
USD,2022-04-19,32.45,21.64,hourly,749be7bdd10488ef554b77ad64e0a08d,67500.16,67500.16,45000.80,45000.80,USD,hourly
USD,2022-10-07,57.90,46.75,hourly,749b7cbf5877621ff921822bb0af6ac8,120432.00,120432.00,97240.00,97240.00,USD,hourly
USD,2026-03-14,95000.00,75000.00,yearly,749aa63c6aefeb4be71cff61777b3368,95000.00,95000.00,75000.00,75000.00,USD,yearly
None,2024-12-10,None,16.00,None,749b8c3f16e77d8f196b754455d00b7c,None,None,33280.00,33280.00,USD,hourly
USD,2026-05-29,None,45000.00,None,749a78b7d774fb11e62c601de6e7216e,None,None,45000.00,45000.00,USD,yearly
USD,2023-06-08,None,16.00,hourly,749bc6a61d01f49be783caabd0dda68b,None,None,33280.00,33280.00,USD,hourly
USD,2021-08-25,44800.00,39780.00,yearly,749acb4cf96a22f45864721181a7e590,44800.00,44800.00,39780.00,39780.00,USD,yearly
USD,2025-11-24,19.25,18.50,hourly,749b5925ec0e178c23509feef9604544,40040.00,40040.00,38480.00,38480.00,USD,hourly
USD,2020-09-10,None,15.80,hourly,749bdc77da273aebb2fbebce17c122c2,None,None,32864.00,32864.00,USD,hourly
USD,2021-01-20,17.50,12.32,hourly,749ad0d7c0ef2053ed687ff35823dea0,36400.00,36400.00,25625.60,25625.60,USD,hourly
USD,2026-04-17,None,25.00,hourly,749b657f26e3833a9daaa5ca288c4feb,None,None,52000.00,52000.00,USD,hourly
USD,2022-06-28,115134.18,76756.12,None,749b51dadeb6e6b6f32a67caee1c7812,115134.18,115134.18,76756.12,76756.12,USD,yearly
USD,2022-09-14,160000.00,100000.00,None,749acbbe907cdf837b1efd529910b43a,160000.00,160000.00,100000.00,100000.00,USD,yearly
USD,2023-10-14,14.00,12.00,hourly,749b2e3b277fe1dbb607466eaea76060,29120.00,29120.00,24960.00,24960.00,USD,hourly
USD,2022-09-02,192300.00,106800.00,None,749aca6d9a9c44b4eb424317200989d2,192300.00,192300.00,106800.00,106800.00,USD,yearly
USD,2026-05-09,None,22.43,hourly,749b0426334f706ca9904f8d9aa264cc,None,None,46654.40,46654.40,USD,hourly
USD,2026-08-19,None,18.00,hourly,749b4b1b2695e8260704b34f08680f98,None,None,37440.00,37440.00,USD,hourly
USD,2021-11-14,21.00,17.00,hourly,749b33372d0280a32d19302662fec8af,43680.00,43680.00,35360.00,35360.00,USD,hourly
USD,2019-09-25,None,45331.00,None,749b75e2112105bd2c03673ed945ee2d,None,None,45331.00,45331.00,USD,yearly
None,2023-08-24,18.50,16.00,hourly,749a8c087403fc8a7e390a43991c0334,38480.00,38480.00,33280.00,33280.00,USD,hourly
USD,2026-01-23,None,26.52,hourly,749ab74b4c68e387f74524ce04300299,None,None,55161.60,55161.60,USD,hourly
USD,2024-05-27,None,14.00,hourly,749b68abc4541688a6e8329dcb08d20b,None,None,29120.00,29120.00,USD,hourly
USD,2024-07-04,None,22.00,hourly,749b19eca28b4d313d10c0e97f8f99bf,None,None,45760.00,45760.00,USD,hourly
USD,2022-10-15,17.75,16.00,hourly,749b7a6bb881fa7904a34b548495e3d5,36920.00,36920.00,33280.00,33280.00,USD,hourly
USD,2022-01-20,26.00,18.00,hourly,749bcceb32bf301fee2c1fbb4caea6e6,54080.00,54080.00,37440.00,37440.00,USD,hourly
USD,2025-12-19,None,45864.00,None,749b101abadcb82ba18f4bb5232abda8,None,None,45864.00,45864.00,USD,yearly
USD,2026-05-22,19.50,19.00,hourly,749acfb079f74420997333df331b7527,40560.00,40560.00,39520.00,39520.00,USD,hourly
USD,2025-09-09,None,12.00,hourly,749be93b24d829359f027b7d9c29be2c,None,None,24960.00,24960.00,USD,hourly
USD,2023-04-08,None,136908.00,yearly,749bd85d76e9407810b3c16e67dcf37d,None,None,136908.00,136908.00,USD,yearly
USD,2026-05-09,27.30,18.99,None,749a5a34b1eca4289613f9ad8bbb40c8,56784.00,56784.00,39499.20,39499.20,USD,hourly
USD,2023-08-29,None,16.90,hourly,749b7c7c95cc10d957dda28ef5b7e4fb,None,None,35152.00,35152.00,USD,hourly
USD,2026-01-21,80000.00,70000.00,yearly,749abe4789b8b8098e8c4ce18482055b,80000.00,80000.00,70000.00,70000.00,USD,yearly
USD,2026-01-07,None,13.00,hourly,749b56eca9b8bbf716ef06511f8b721f,None,None,27040.00,27040.00,USD,hourly
USD,2026-01-17,None,18.50,hourly,749bca8ea4c74e0a69dbb7c81b23e3c1,None,None,38480.00,38480.00,USD,hourly
USD,2024-02-25,34.04,22.70,None,749ad9205522093af953f583b2063a8a,70803.20,70803.20,47216.00,47216.00,USD,hourly
USD,2020-06-07,None,11.00,hourly,749be0e91094de12adb805c5a176939b,None,None,22880.00,22880.00,USD,hourly
USD,2025-08-13,19.00,17.00,hourly,749a65d0106c439fbc7aaddfe3ed2c92,39520.00,39520.00,35360.00,35360.00,USD,hourly
USD,2022-06-23,None,75000.00,None,749b67fece3fc940d32271336bd6d888,None,None,75000.00,75000.00,USD,yearly
