end_date,fulltime_parttime,job_hash,start_date
None,fulltime,843fad8f86c81e5bae2977b69aacacbe,2024-08-24
None,fulltime,843fad9d66a1db0d8952d79fe3161587,2024-08-24
None,fulltime,843fadc8028161a1b1ff9cafa8f622db,2024-08-24
None,fulltime,843fadcd95dbe52b0f275cb830e9e3d4,2026-04-25
None,parttime,843fadef0254dfee2225af4d7413709e,2024-08-24
None,fulltime,843fadf09d75503408aa7bb611cbf291,2024-08-24
None,fulltime,843fadfb00323f845bc0028de52e5c5e,2024-08-24
None,fulltime,843fae9d77a17ccd1571b94d4a2ba4f3,2024-08-24
None,parttime,843faf1ac9106196ceb9585b8ebc5ad9,2024-07-26
None,fulltime,843faf2821c3e9ab288ad192c89ab0e1,2024-08-24
None,fulltime_parttime,843faf7d1cdfd40a5dd3f179ce5dd8f1,2024-08-24
None,fulltime_parttime,843faf96a3a64afc2519bca6e8793579,2024-08-24
None,fulltime,843fafaefdc54735bd942cca2615b397,2024-12-11
None,fulltime,843fafb4fe46de43c730aaec13af7bcb,2026-08-03
None,parttime,843fb010c8624b5cd7fac64371beb5ae,2024-08-24
None,fulltime,843fb081359493147429dff40021dd0f,2026-05-06
None,fulltime,843fb0ac753da0571e9e71a72642564c,2024-10-10
None,fulltime,843fb11c24e976252a77dc6205355f39,2024-08-24
None,fulltime,843fb13f88f05e143c6212e750bf9c9f,2025-02-27
None,fulltime,843fb1df46665e0e35f9cfe25ca8b0c7,2024-09-20
None,fulltime,843fb23ae736b9e99521356e91aeffe1,2024-09-19
None,fulltime,843fb2461d809117843049996fa2a20e,2024-08-24
None,parttime,843fb271384d4b78fa7500b4e42eb34e,2024-08-24
None,fulltime,843fb27a862158291bca14a519dd085f,2024-08-24
None,fulltime,843fb2a6085de61b04d686cf804b3657,2024-08-06
None,fulltime,843fb2ce1a0ae4433cd9e72e367fa4dd,2024-08-24
None,fulltime,843fb30a57fdc66f113eaff6eecf1dcf,2025-12-02
None,parttime,843fb30d23fda62e5f7c05eb124c01e5,2024-08-24
None,fulltime,843fb30db73aa2266c4f084334058961,2024-08-24
None,fulltime_parttime,843fb32a951219dd292bb14f3c6cc81d,2024-08-24
None,fulltime_parttime,843fb34bc403273c58e0730b11de6916,2024-08-24
None,fulltime,843fb37bc51c3369e668dce3bea64607,2026-02-05
None,fulltime,843fb38b4c5b529d63772d5ad57a99c4,2025-01-13
None,parttime,843fb3956aa2428b1445fbed58f4acd5,2024-08-24
None,fulltime_parttime,843fb3cd030f2ca17cd62d80fcc0a7b2,2026-02-28
None,fulltime_parttime,843fb4347601d104c7ddcf1c86c40a5c,2024-08-24
None,parttime,843fb4434a8d9eaa24c25ffed6888da3,2024-08-24
None,parttime,843fb47df2609cf6ac07038fa73deabb,2024-08-24
None,fulltime,843fb4c5b7c25078fe1a0f64ae5550fe,2024-08-24
None,fulltime,843fb50a5fa6417cc1d2421f4c426fe8,2026-08-14
None,fulltime,843fb5522ab63b115378ea00878c7e6b,2024-08-24
None,fulltime,843fb5a2f6e3474439ae484145a9f40c,2026-05-05
None,fulltime,843fb5a48b9cf4907448dc47921151f5,2024-08-24
None,fulltime_parttime,843fb5c9d40d1dabe23be0e768ac757a,2025-07-15
None,parttime,843fb5d55fbb9a7980f04b479d29ae4f,2024-08-24
None,fulltime,843fb5fe9698d4681c1ed418d1a39301,2024-12-19
None,fulltime,843fb6263d6f08f840612c8a05abea21,2025-11-06
None,fulltime,843fb63732742b0e87ffc76171aa3998,2024-07-12
None,parttime,843fb65a6001808770792daef0ca22d3,2024-08-24
None,parttime,843fb681c970a3c95d43cd300251324a,2024-09-03
None,parttime,843fb689b58ea4c115996b5e7bd78e50,2024-08-24
None,fulltime,843fb6a946fdec7b5a0decd5a3b13e8b,2025-06-11
None,parttime,843fb6adc38dcfe2b5a3dea4964ec022,2024-10-25
None,parttime,843fb6ed1f329c9c36c11256189e1a1b,2024-08-24
None,parttime,843fb717770a7c35ff62f9c6585d8582,2025-05-14
None,parttime,843fb71d684c1270838740ba0d45e308,2024-08-24
None,fulltime_parttime,843fb72528865bdab2cb8655f13406cc,2024-07-14
None,fulltime_parttime,843fb7689ab5b2af908c59dd3a4742f7,2024-08-20
None,parttime,843fb772646441db4e52267dba9d224b,2024-08-24
None,fulltime,843fb7979ab2ec80d27bcd9a3dbe7f89,2024-08-24
None,fulltime,843fb80035df1f23665384c98d7fe8f5,2024-08-24
None,fulltime,843fb823870a79ee30014928ba57f795,2024-08-24
None,fulltime,843fb87ec729afae7f2b90fca9333f2a,2024-11-08
None,fulltime,843fb8e37ed680d30066adc065221289,2024-08-24
None,fulltime,843fb9084e854f98535883e7a500d165,2024-08-24
None,fulltime_parttime,843fb926853a2ca6fa1fcf3782735598,2024-08-24
None,fulltime,843fb92ffa81334bc9e795760dc57ad1,2024-08-24
None,fulltime,843fb993a63e0311a28e2b06cbe9ffd9,2024-11-16
None,fulltime,843fb9a167c6272dab371e4b6b0692f8,2025-02-06
None,fulltime,843fb9b71adc14a6ebda173f8abebf4d,2024-10-29
None,fulltime,843fb9c88e05daa99a7e78051a961393,2024-08-24
None,fulltime,843fba0f979980bb40b0a67457c7ec3b,2026-05-13
None,fulltime,843fba29d242b63a6a7a5863ab5c18d6,2024-08-24
None,parttime,843fba3363e1b63e706219d503267921,2024-08-24
None,fulltime,843fba3728d89b6396cd5a5926ef9cba,2024-08-24
None,fulltime,843fba5f82f6b6ae7b617af0fbf6af82,2024-08-24
None,fulltime_parttime,843fba809a7c93ee60f16b1c4905bf74,2024-08-24
None,fulltime_parttime,843fba817d90f622a926226a7aeb5976,2024-08-24
None,parttime,843fbac207f730975676c3026f67257e,2024-08-24
None,fulltime,843fbb03f4f4ce7e412cbf29ffb91727,2025-06-11
None,fulltime_parttime,843fbb499c42436e0095cea4d738cd48,2024-08-24
None,parttime,843fbb77aeb5496d680a40d9d97871b5,2024-08-24
None,fulltime_parttime,843fbb7f2aac0d4ee58d16de7760b9ea,2024-08-24
None,parttime,843fbbb7fcc021e02783cf27863e714e,2025-06-25
None,fulltime,843fbbcf76eb3af595411502347307e6,2024-07-10
None,fulltime,843fbc0edfcbf8d6b018bec2927ff7db,2024-10-18
None,fulltime,843fbc8101ae03cdbe07bf1eb719efe3,2024-08-24
None,parttime,843fbcc7a1f848c80463a29c856e6a57,2024-08-24
None,parttime,843fbcc9dc3b57c7fc9f910796e1d64e,2025-08-29
None,fulltime,843fbcf610422215c15754f4901cf013,2024-08-24
None,fulltime,843fbd03ae985b96c5777b97c93e7042,2026-02-05
None,fulltime,843fbd6c5e215897443312bc39818de3,2024-08-24
None,fulltime_parttime,843fbdf07ebc2199fca6a2b5f96a3767,2024-08-24
None,fulltime,843fbdfbe0b0500d6670ea4ee902189a,2026-07-20
None,fulltime,843fbe6b655d1fec6234c80e93c1a10d,2024-08-24
None,fulltime,843fbea49c2c35ab4d8b4f0d6de84b4f,2024-08-24
None,fulltime,843fbeaf6f36239ee8e5a7b0b343eef8,2024-08-24
None,parttime,843fbed220bd7e6a1eaeeb4b144125d3,2024-08-24
None,fulltime,843fbee66d137f0d583f306ac0a02d90,2024-08-24
None,fulltime,843fbf099c7e757fcc7d33934ef2682d,2024-10-05
