base_hash,city,company_id,company_name,country,created,delete_date,job_hash,last_checked,last_updated,state,title,unmapped_location,url,zip
e05f987e1232df291a2a8f542d50f01d,Ezhou,107071,Ping An Insurance (Group) Company of China Ltd,CHN,2026-08-11 03:30:00,None,2e3933a232ae8f2aa83060f60f37192e,2026-09-05 04:08:00,None,Hubei,27th Hubei Branch Data Management Trainee,FALSE,https://campus.pingan.com/positionDetail?positionId=984c15a9d33839289bea0aab4ffc1273#Ezhou%2C%20Hubei%2C%20China,436000
546516ba1c6a3601d867cb4c850917a5,Trnava,21183,Westinghouse Electric Co LLC,SVK,2026-05-05 01:59:00,None,2e3939aac661491e1a50930436a9452a,2026-09-05 02:01:00,None,None,Technology Scout - EMEA,FALSE,https://careers.westinghousenuclear.com/job/Villeurbanne-Technology-Scout-EMEA/1387752100/#Trnava%2C%20Slovakia,91701
2e393ad5be52778455623700829fc4dc,EAST HARTFORD,9271,RTX Corp,USA,2026-08-24 16:24:00,None,2e393ad5be52778455623700829fc4dc,2026-09-05 15:37:00,None,CT,Supplier Quality Engineer (Onsite),FALSE,https://globalhr.wd5.myworkdayjobs.com/en-US/REC_RTX_Ext_Gateway/job/US-CT-EAST-HARTFORD-J--400-Main-St--BLDG-J/Supplier-Quality-Engineer--Onsite-_01869157,06108
2e393cac2ac4610513b90985989caff6,fort myers,5020,RaceTrac Petroleum Inc,USA,2025-10-07 05:21:00,None,2e393cac2ac4610513b90985989caff6,2026-09-04 18:30:00,2025-10-11 05:31:00,FL,Shift Manager - (RT2301),FALSE,https://careers.racetrac.com/job/shift-manager-rt2301-US-345603-en,33912
2e394956c830648f2f6f444eaca2de44,Philippines,2616,ExlService Holdings Inc,PHL,2026-01-30 02:40:00,None,2e394956c830648f2f6f444eaca2de44,2026-09-05 15:12:00,None,None,Senior Executive-Customer Care Non-Voice-Back-End/Non Voice Transaction Processing Complex,FALSE,https://fa-ewjt-saasfaprod1.fa.ocs.oraclecloud.com/hcmUI/CandidateExperience/en/sites/CX_2/requisitions/preview/6261,1000
2e394971d98a6b81eb4b3de4a9cedc83,Mineral Wells,76835,West Virginia University Medicine,USA,2026-08-20 06:37:00,None,2e394971d98a6b81eb4b3de4a9cedc83,2026-09-05 09:52:00,None,WV,CMA-Clinic,FALSE,https://wvumedicine.wd1.myworkdayjobs.com/WVUH/job/Mineral-Wells-Primary-Care/CMA-Clinic_JR26-42845,26150
2e394bcd63da351578c28f4cf76a6340,Tokyo,1657,Qualcomm Inc,JPN,2026-06-06 10:30:00,None,2e394bcd63da351578c28f4cf76a6340,2026-09-05 15:10:00,2026-08-26 14:21:00,Tokyo,"System Engineer, Staff/Senior Staff (Robotics)",FALSE,https://app.eightfold.ai/careers/job/446718783561,100-0001
2e395ae8e1316df648fdd3d5bc3681d9,Bhubaneshwar,102698,Somany Ceramics Ltd,IND,2026-06-21 18:19:00,None,2e395ae8e1316df648fdd3d5bc3681d9,2026-09-05 11:57:00,2026-07-14 05:33:00,Odisha,Senior Territory Manager- Government Projects Sales (Bhubaneswar)BhubaneshwarView role,FALSE,https://v2.app.goodfit.so/jobs/somany-ceramics-tiles/Senior-Territory-Manager-Government-Projects-Sales-Bhubaneswar?id=019ee48b-7491-72ad-8092-d326e578721f,751001
2e395c51dd9b22f5fd17fae262835b9d,São Paulo,18288,Ernst & Young Global Ltd,BRA,2026-07-18 00:16:00,None,2e395c51dd9b22f5fd17fae262835b9d,2026-09-05 03:20:00,None,São Paulo,Sênior Law Corporate,FALSE,https://careers.ey.com/ey/job/S%C3%A3o-Paulo-JK-S%C3%AAnior-Law-Corporate-SP-04543-011/1416288733/,04543-011
2e395ca8edf12e20642af9983d555613,Memphis,4503,Tenet Healthcare Corp,USA,2026-06-13 14:27:00,None,2e395ca8edf12e20642af9983d555613,2026-09-05 15:02:00,None,TN,CT Tech,FALSE,https://jobs.tenethealth.com/job/memphis/ct-tech/1127/96370594832,38197
2e39641b9eba3cfed6b466ffa5dd27f7,ruston,40800,The Wendys Co,USA,2024-10-23 12:24:00,None,2e39641b9eba3cfed6b466ffa5dd27f7,2026-09-05 05:42:00,2026-09-03 16:04:00,LA,shift-manager,FALSE,https://wendys-careers.com/job-search/posting/shift-manager/175314/,71272
2e39663c432272ea4c52f2c175c8c071,Burlington,1392,The Moses H Cone Memorial Hospital,USA,2026-05-23 00:37:00,None,2e39663c432272ea4c52f2c175c8c071,2026-09-05 00:37:00,None,NC,RN PRN Alamance Wound Care Clinic,FALSE,https://careers.conehealth.com/us/en/job/CHPCHVUSJR149835EXTERNALENUS/RN-PRN-Alamance-Wound-Care-Clinic,27215
03ca2eb21e8751f97e45ba6e9aac2fcb,New York,43694,Balyasny Asset Management LP,USA,2026-06-04 05:47:00,None,2e3969de71bbfeda880fab025dacf9e1,2026-09-05 00:19:00,2026-08-06 07:33:00,None,Reference Data Operations Sr Analyst,FALSE,https://bambusdev.my.site.com/s/details?jobReq=Reference-Data-Operations-Sr-Analyst_REQ8275#New%20York%2C%20NY,None
2e396ddef6bb3a2cae92d2baadd72889,None,32949,Equity Lifestyle Properties Inc,USA,2025-01-10 05:40:00,None,2e396ddef6bb3a2cae92d2baadd72889,2026-09-05 14:34:00,None,NH,Multiple Campground Positions!,TRUE,https://equitylifestyleproperties.wd5.myworkdayjobs.com/ELS/job/South-Hampton-NH/Multiple-Campground-Positions-_R25154,None
2e396f241523d69f3861092f96743988,Charlotte,248,Charter Communications Inc,USA,2026-09-04 14:43:00,None,2e396f241523d69f3861092f96743988,2026-09-05 14:50:00,None,NC,2027 Summer Intern: Software Engineer,FALSE,https://jobs.spectrum.com/job/charlotte/2027-summer-intern-software-engineer/4673/100133777072,28217
2e3977b671affc1b6fcf43df6e2c5205,Beijing,78335,United Nations International Children's Emergency Fund,CHN,2026-08-24 09:09:00,None,2e3977b671affc1b6fcf43df6e2c5205,2026-09-05 04:42:00,None,None,"(NATIONAL ONLY) Consultancy for Child Director Professionalization, Beijing, China, Child Protection, 18 months, Office ",FALSE,https://jobs.unicef.org/cw/en-us/job/595243/national-only-consultancy-for-child-director-professionalization-beijing-china-child-protection-18-months-office-based,100000
4d9de4735d173d082f6c83fbdba44304,Noyabrsk,79244,Rosneft Oil Co,RUS,2026-07-29 06:10:00,None,2e397dfef1699fd2a5533b99a2efcf63,2026-09-05 05:02:00,None,None,Tractor driver,FALSE,"https://www.rosneft.ru/about/career/#Тракторист/ХМАО, ЯНАО, Республика Башкортостан, Республика Коми, Томская область, Красноярский край#1945#Noyabrsk%2C%20Yamalo-Nenets%20Autonomous%20Okrug%2C%20Russia",629800
2e397e0922fc0bb554c036238f806cc5,Glasgow,42010,Mavis Tire Supply LLC,USA,2026-08-05 01:22:00,2026-09-05 04:13:00,2e397e0922fc0bb554c036238f806cc5,2026-09-04 02:53:00,None,DE,Automotive Assistant &amp Service Managers,FALSE,https://mavistire.applicantpro.com/jobs/4166216,19730
2e398545fca48d4ae687007be13e6404,middleton,261,Dollar Tree Inc,USA,2025-08-13 17:58:00,None,2e398545fca48d4ae687007be13e6404,2026-09-05 14:08:00,None,WI,Customer Service Associate I,FALSE,https://careers.dollartree.com/us/en/job/R-008946,53562
2e3986ed9297b439ee7c7df01b11cd13,Bloomfield,86168,Vestis Corp,USA,2026-09-01 17:37:00,None,2e3986ed9297b439ee7c7df01b11cd13,2026-09-05 17:44:00,None,CT,1st Shift Production Bulk Fold Operator,FALSE,https://jobs.dayforcehcm.com/en-US/vestis/CANDIDATEPORTAL/jobs/18040,06002
2e39883ed4825bb1bc95093a9873fe63,Carlsbad,39882,Tractor Supply Co,USA,2026-08-14 14:39:00,None,2e39883ed4825bb1bc95093a9873fe63,2026-09-05 16:44:00,None,NM,"Team Lead, Petsense",FALSE,https://www.tractorsupply.careers/job/Carlsbad-Team-Lead%2C-Petsense-NM-88220/1419421800/,88220
2e39885605d392ece635003aba5d0849,Anaheim,416,Starbucks Corp,USA,2026-09-05 11:43:00,None,2e39885605d392ece635003aba5d0849,2026-09-05 11:43:00,None,CA,"shift supervisor - Store# 26890, State College & Ball",FALSE,https://apply.starbucks.com/careers/job/481080710204,92805
2e398dbface13100a1a1059306324554,None,1231,Altium Packaging LP,USA,2026-08-15 16:05:00,None,2e398dbface13100a1a1059306324554,2026-09-05 15:58:00,None,IN,Process Technician,TRUE,https://ccc.wd5.myworkdayjobs.com/CCC_External/job/Argos-IN/Process-Technician_R20947,46501
2e39913045328d7e910016157a6ffcf9,Shenyang,77231,Luckin Coffee Inc,CHN,2025-09-17 07:29:00,None,2e39913045328d7e910016157a6ffcf9,2026-09-05 00:31:00,2025-10-10 10:41:00,Liaoning,咖啡师（社会兼职）,FALSE,https://app.mokahr.com/apply/lkcoffee/45256#/job/df8cccd7-e0f4-49a4-a31e-05f4db75c846,None
2e399170a671f5b98a7cc85833f5d555,Parets del Valles,25489,Grifols SA,ESP,2026-08-06 00:12:00,None,2e399170a671f5b98a7cc85833f5d555,2026-09-05 00:13:00,None,Catalonia,Auxiliar de Microbiología e Instalaciones,FALSE,https://jobsearch.grifols.com/job/Parets-del-Valles-Auxiliar-de-Microbiolog%C3%ADa-e-Instalaciones/1421868933/,08184
2e39951049b366b8f4c2a0acf8774ee1,None,98429,EDEKA ZENTRALE Stiftung & Co. KG,DEU,2025-11-14 13:09:00,None,2e39951049b366b8f4c2a0acf8774ee1,2026-09-05 02:41:00,None,Freistaat Bayern,Ausbildung zum Kaufmann im Einzelhandel (m/w/d) 2026,TRUE,https://verbund.edeka/karriere/stellenb%C3%B6rse/stelle-ausbildung-zum-kaufmann-im-einzelhandel-m-w-d-2026-baiersdorf-schliermann-ohg?id=223279_220242&type=a,None
2e399c8eb0a3b699aaaf2f1160832833,Gretna,10869,The Gap Inc,USA,2026-07-09 14:03:00,None,2e399c8eb0a3b699aaaf2f1160832833,2026-09-05 14:20:00,None,NE,Seasonal Retail Sales Associate - Nebraska Cross Outlet,FALSE,https://www.gapinc.com/en-us/Jobs/W54/13/Seasonal-Retail-Sales-Associate-Nebraska-Cross-Out,68028
2e399ea6913601f5c4d5e87f2a352b2a,Charlottesville,3428,Compass Group North America,USA,2026-09-04 03:17:00,None,2e399ea6913601f5c4d5e87f2a352b2a,2026-09-05 03:23:00,None,VA,DISHWASHER (FULL TIME),FALSE,https://careers.compass-usa.com/dishwasher-full-time/job/A38D8A3A7C43FEDDDE89C5103C5B1441,22908
2e39a5ee569c3137dc1ea6b73211d8e5,New Haven,24703,Pilot Travel Centers LLC,USA,2026-08-01 14:13:00,None,2e39a5ee569c3137dc1ea6b73211d8e5,2026-09-05 14:19:00,None,IN,Deli Production Team Member,FALSE,https://jobs.smartrecruiters.com/PilotCompany/744000141058669-deli-production-team-member,46774
2e39a6d42345eb8a0061c91938965598,None,307327,Adler & Allan Ltd,GBR,2026-08-06 09:31:00,None,2e39a6d42345eb8a0061c91938965598,2026-09-05 08:59:00,None,England,CCTV Assistant,TRUE,https://jobs.smartrecruiters.com/AdlerAllan1/744000141244618-cctv-assistant,TA1
2e39a79df3715a751e618b71a3f90566,London,16777,Fidelity National Information Services Inc,GBR,2026-08-25 14:02:00,None,2e39a79df3715a751e618b71a3f90566,2026-09-05 14:02:00,None,None,Sales Executive Lead – Securities Finance Solutions (Europe),FALSE,https://careers.fisglobal.com/us/en/job/FIGLUSJR0309049EXTERNAL/Sales-Executive-Lead-–-Securities-Finance-Solutions-(Europe),EC4N 8AF
2e39b0f9828b8fd0c92e12bc12f586de,Minato,78668,CrowdWorks Co Ltd,JPN,2026-09-03 00:00:00,None,2e39b0f9828b8fd0c92e12bc12f586de,2026-09-05 00:01:00,2026-09-04 00:00:00,Tokyo,*For those with no experience* [New Business/Founding Member] AI-RPO Sales (Recent graduates and those with no experienc,FALSE,https://herp.careers/v1/crowdworks/SX5Re7nPIx_t,106-0041
2e39b4f9ab163cb8500e3a8832061626,anderson,1115,Golden Corral Corporation,USA,2023-03-12 23:52:00,None,2e39b4f9ab163cb8500e3a8832061626,2026-09-05 00:14:00,None,SC,Food Prep Person,FALSE,https://golden-corral-careers.careerplug.com/jobs/1599906,29626
c0a65e998df316b6fbfa2d406f41c892,Bangalore,33627,ITT Inc,IND,2026-09-04 14:07:00,None,2e39b990dcd627b03f5489ac9cba5150,2026-09-05 14:08:00,None,Karnataka,Finance Shared Services Manager   Projects & Operations,FALSE,https://careersen-itt-inc.icims.com/jobs/17284/finance-shared-services-manager---projects-%26-operations/job?hub=19&in_iframe=1#Bangalore%2C%20Karnataka%2C%20India,560001
4d5a42d427f3b3af7a6d0ae9f1e230da,Herndon,34410,Airbus SE,USA,2026-05-13 00:44:00,None,2e39b9c023f810f77a99d39ff8352693,2026-09-05 01:29:00,2026-08-18 09:26:00,VA,Sales Contract Negotiator,FALSE,https://ag.wd3.myworkdayjobs.com/Airbus/job/Miami-Area-FL/Sales-Contract-Negotiator_JR10413748#Herndon%2C%20VA,20170
2e39c1b21bba83c23e1399c7f46ba31c,Beverly Hills,92382,Alo LLC,USA,2026-03-19 03:27:00,None,2e39c1b21bba83c23e1399c7f46ba31c,2026-09-05 03:56:00,None,CA,"Director of Merchandising, Non-Apparel",FALSE,https://boards.greenhouse.io/aloyoga/jobs/5658702004?gh_jid=5658702004,90210
2e39c1ca919871e8f1b4b8a494939476,Modesto,12649,Sysco Corp,USA,2026-08-13 14:49:00,None,2e39c1ca919871e8f1b4b8a494939476,2026-09-05 15:36:00,None,CA,CDL A Local Delivery Truck Driver,FALSE,https://careers.sysco.com/en/job/modesto/cdl-a-local-delivery-truck-driver/1105/99136658000,95351
2e39c3897e7f389e19dcef0646adc07d,webster,24335,Sonic Drive-In Inc,USA,2025-08-05 15:05:00,None,2e39c3897e7f389e19dcef0646adc07d,2026-09-05 06:51:00,2026-08-12 09:03:00,TX,Sonic Drive-In General Manager,FALSE,https://careers.sonicdrivein.com/sonic-drive-in-general-manager/job/3A547EF054A6399812635EBD8A356C2E,77598
9bf0e95a5fb70571e90dcf3d5b316b1e,Beaverton,1425,Accenture Plc,USA,2026-08-18 14:39:00,2026-09-05 14:41:00,2e39c640235a58c0f908d481be7e5683,2026-09-04 17:38:00,None,OR,SAP Sales Capture Senior Manager,FALSE,https://www.accenture.com/us-en/careers/jobdetails?id=R00351417_en&title=SAP%20Sales%20Capture%20Senior%20Manager#Beaverton%2C%20OR,97005
2e39c656346580030b6d41375270c76f,Salt Lake City,27940,University of Utah,USA,2026-04-04 12:38:00,None,2e39c656346580030b6d41375270c76f,2026-09-05 12:21:00,2026-07-09 06:39:00,UT,Clinical Laboratory Microbiology Medical Director,FALSE,https://utah.peopleadmin.com/postings/199550,84112
2e39c6ecefa3dc903254a7ee9b4e22be,Kenner,3419,Ochsner Health System,USA,2025-10-10 18:51:00,None,2e39c6ecefa3dc903254a7ee9b4e22be,2026-09-05 02:19:00,None,LA,Radiologist Tech (PRN) - Kenner,FALSE,https://ochsner.wd1.myworkdayjobs.com/Ochsner/job/Kenner---New-Orleans-Region---Louisiana/Radiologist-Tech--PRN----Kenner_REQ_00246380,None
2e39c6ffa002d666ecf393894dddce1f,Plano,475,Baylor Scott & White Health,USA,2026-03-07 01:43:00,None,2e39c6ffa002d666ecf393894dddce1f,2026-09-05 00:27:00,None,TX,First Assistant RN,FALSE,https://jobs.bswhealth.com/us/en/job/BSWHUS26004074EXTERNALENUS/First-Assistant-RN,75024
2e39cb565c689a146984b83fe44ac096,Harrisonburg,27325,Sentara Healthcare Inc,USA,2026-08-19 03:42:00,None,2e39cb565c689a146984b83fe44ac096,2026-09-05 03:32:00,None,VA,Cook,FALSE,https://sentara.wd1.myworkdayjobs.com/en-US/SCS/job/Sentara-RMH-Medical-Center/Cook_JR-104834,22801
2e39da532aabad28569b2edaa5714e38,Hyderabad,23663,Tata Consultancy Services Ltd,IND,2026-08-21 09:37:00,None,2e39da532aabad28569b2edaa5714e38,2026-09-05 00:56:00,None,Telangana,SAP Treasury Consultant,FALSE,https://ibegin.tcsapps.com/candidate/next/en-IN/jobs/423978J,500001
2e39dbfb378bba356a384926a7fa4f23,Changsha,79272,China Minmetals Corp,CHN,2026-09-03 03:13:00,None,2e39dbfb378bba356a384926a7fa4f23,2026-09-05 03:12:00,2026-09-04 04:30:00,None,高端原材料研究中心-科研技术岗（材料装备）(009075),FALSE,https://wecruit.hotjob.cn/SU62f37858bef57c29ead8adab/pb/posDetail.html?postId=6a97f0755e09b14b2752f60d&postType=campus,410000
2e39e0cf523dd7633c2ebc286304b1fd,None,18567,The Cato Corp,USA,2026-08-14 00:45:00,2026-09-05 00:50:00,2e39e0cf523dd7633c2ebc286304b1fd,2026-09-04 03:19:00,None,NC,(Versona) Part Time Assistant Manager,TRUE,http://info.catofashions.com/jobs/listing/9615/versona-part-time-assistant-manager#main,28277
2e39e78b8747e7864a1637d9cc7302af,Mumbai,11859,BlackRock Inc,IND,2026-04-14 00:45:00,None,2e39e78b8747e7864a1637d9cc7302af,2026-09-05 14:09:00,2026-08-06 14:18:00,Maharashtra,"DevOps Engineer | Engineering Team Manager , Vice President",FALSE,https://blackrock.wd1.myworkdayjobs.com/BlackRock_Professional/job/Mumbai-India/DevOps-Engineer---Engineering-Team-Manager---Vice-President_R262317-1,400063
2e39e88c6ae2810a390f0a93222f9222,Tolleson,8693,CVS Health Corp,USA,2026-08-01 14:06:00,None,2e39e88c6ae2810a390f0a93222f9222,2026-09-05 14:53:00,None,AZ,Pharmacy Intern,FALSE,https://cvshealth.wd1.myworkdayjobs.com/CVS_Health_Careers/job/AZ---Tolleson/Pharmacy-Intern_R0995849,85353
2e39f226f1300ebaa10ea2ef4d2f2db4,Wynnewood,95763,The GIANT Company LLC,USA,2026-07-01 11:51:00,None,2e39f226f1300ebaa10ea2ef4d2f2db4,2026-09-05 02:28:00,2026-08-14 07:30:00,PA,PT Mashgiach Associate - 6506,FALSE,https://thegiantcompany.careerswithus.com/job/category/PT-Mashgiach-Associate---6506/Wynnewood-PA/giantcompanyrms/531326_external_USA-PA-Wynnewood?category=652eb2919d3726003102fb23,19096
2e39f3dc762d8ff583dbf11edad33c51,Khanty-Mansiysk,79244,Rosneft Oil Co,RUS,2026-09-05 05:02:00,None,2e39f3dc762d8ff583dbf11edad33c51,2026-09-05 05:02:00,None,None,Mechanic for repair of process installations (6th category),FALSE,https://www.rosneft.ru/about/career/#Слесарь по ремонту технологических установок (6 разряд)/Ханты-Мансийск#1953,628000
2e39f87ede023ac9bad6177f46f3fc6a,alpharetta,2860,Waste Management Inc,USA,2025-10-29 09:52:00,None,2e39f87ede023ac9bad6177f46f3fc6a,2026-09-05 16:15:00,2026-08-28 16:15:00,GA,Diesel Mechanic,FALSE,https://emcm.fa.us2.oraclecloud.com/hcmUI/CandidateExperience/en/sites/WMCareers/requisitions/preview/2339201,30023
329390300492bb9fac6d53e1bddbf943,Philadelphia,23522,PricewaterhouseCoopers LLP,USA,2026-07-14 00:45:00,None,2e39fa0e41de91e7f2b49684e14a114e,2026-09-05 00:48:00,None,PA,Oracle Fusion Field Service Implementation Director,FALSE,https://pwc.wd3.myworkdayjobs.com/US_Experienced_Careers/job/GA-Atlanta/Oracle-Fusion-Field-Service-Implementation-Director_744352WD#Philadelphia%2C%20PA,19101
2e3a008c4469521a20ec9dff6390aca1,Balingen,100966,Zollernalb Klinikum gGmbH,DEU,2026-08-02 00:57:00,None,2e3a008c4469521a20ec9dff6390aca1,2026-09-05 01:11:00,None,None,Personalreferent*,FALSE,https://www.zollernalb-klinikum.de/karriere/stellenangebot/personalreferent/,72336
2e3a00d492f97d7ddca3c31c9a317313,Franklin,24509,AccentCare Inc,USA,2026-08-01 01:14:00,None,2e3a00d492f97d7ddca3c31c9a317313,2026-09-05 01:38:00,None,TN,Hospice Aide,FALSE,https://careers.accentcare.com/jobs/90681,37064
2e3a0151d2291f0196b529f84a143292,Salt Lake City,2005,Stantec Inc,USA,2026-08-21 10:33:00,None,2e3a0151d2291f0196b529f84a143292,2026-09-05 00:05:00,None,UT,Intermediate Geochemist,FALSE,https://stantec.jobs/brighton-gbr/intermediate-geochemist/3E633B48F9C8414285D2C5B16DC25223,84101
3b6be62f4d37ce4f4c083585d37ceb37,Detroit,134,Deloitte Touche Tohmatsu Ltd,USA,2026-09-04 03:32:00,None,2e3a03bb17ff6fd57c16643ba95ec3ed,2026-09-05 03:25:00,None,MI,Epic OpTime Senior Consultant,FALSE,https://apply.deloitte.com/en_US/careers/JobDetail/Epic-OpTime-Senior-Consultant/365494#Detroit%2C%20MI,48201
2e3a047df129c5ee511fd3f70884357c,Stony Brook,416,Starbucks Corp,USA,2026-06-16 00:10:00,None,2e3a047df129c5ee511fd3f70884357c,2026-09-05 12:24:00,None,NY,"shift supervisor - Store# 07635, STONY BROOK-347 & STONY BRK RD",FALSE,https://apply.starbucks.com/careers/job/481078777380,11790
2e3a0e85b5e5cdfc9d61bf8f817622df,None,101972,Remondis SE & Co KG,DEU,2026-08-12 17:40:00,None,2e3a0e85b5e5cdfc9d61bf8f817622df,2026-09-05 05:31:00,None,Schleswig-Holstein,ERP-Supporter (m/w/d),TRUE,https://remondis-karriere.de/kaufmaennisch/jobs/erp-supporter-m-w-d/1c5e11c4-0060-4c52-819f-b49890e940a0,24113
2e3a0fc295a7996752591fbcadc8bb60,Miami Beach,40604,Domino's Pizza Inc,USA,2026-08-23 14:20:00,None,2e3a0fc295a7996752591fbcadc8bb60,2026-09-05 16:19:00,None,FL,Delivery Driver(03889) - 1428 Alton Rd,FALSE,https://jobs.smartrecruiters.com/Dominos/744000144926597-delivery-driver-03889-1428-alton-rd,33140
403f65ea2abd5a5334b9722086781d24,Burbank,13832,Miller Kaplan Arase LLP,USA,2026-05-20 04:58:00,None,2e3a1176943b6908b66fe302989b390c,2026-09-04 21:46:00,None,CA,Internship - Audit (June 2027),FALSE,https://millerkaplan.rec.pro.ukg.net/MIL1041MKAL/JobBoard/c05953d3-d95e-4187-a793-2c640efa673b/OpportunityDetail?opportunityId=90df5bcd-7611-4b1f-9722-c220d822038d#Burbank%2C%20CA,91505
2e3a12c031bfdf59188005e620beca80,Bryan,66097,CommonSpirit Health,USA,2025-11-25 08:18:00,None,2e3a12c031bfdf59188005e620beca80,2026-09-05 07:18:00,2026-09-05 07:18:00,TX,Certified Respiratory Therapist,FALSE,https://www.commonspirit.careers/job/bryan/certified-respiratory-therapist/35300/88688349728,77802
2e3a15a06431a73f1214bb7a41283aa2,settsu,101226,Kura Sushi Inc,JPN,2024-12-12 17:17:00,None,2e3a15a06431a73f1214bb7a41283aa2,2026-09-05 00:17:00,2026-08-20 10:17:00,None,閉店作業/無添くら寿司のホールスタッフ,FALSE,https://kura-job.net/jobfind-pc/job/All/44004,None
2e3a15e35dc41eac1343587311cb5a6a,New York,300716,Marble Health,USA,2026-03-06 00:26:00,None,2e3a15e35dc41eac1343587311cb5a6a,2026-09-05 00:26:00,None,NY,Product Lead - Schools,FALSE,https://jobs.gem.com/instrumental-inc-/am9icG9zdDoBAM8rzqNKZTaanVof78Q-,10001
2e3a1be33f9ef35f8452c3276e1aa681,Saitama City Urawa Ward,69186,Resona Holdings Inc,JPN,2026-04-01 00:54:00,None,2e3a1be33f9ef35f8452c3276e1aa681,2026-09-05 00:51:00,2026-08-07 00:56:00,None,S23-40-2 [Saitama Resona Bank] Sales promotion for small and medium-sized enterprise customers in Saitama Prefecture,FALSE,https://hrmos.co/pages/resonagroup/jobs/02-58-015,330-0061
2e3a1cb653ccf4e2f8c560c16985a075,None,86762,Wisconsin Association of School Personnel Administrators,USA,2026-09-04 00:16:00,None,2e3a1cb653ccf4e2f8c560c16985a075,2026-09-05 00:19:00,None,WI,Speech and Language Pathologist – Bilingual (Preferred),TRUE,https://wecan.waspa.org/Vacancy/273120,53202
2e3a1fc28ce89dbfdd9e8635a3525d3d,Mumbai,1425,Accenture Plc,IND,2026-08-04 14:21:00,None,2e3a1fc28ce89dbfdd9e8635a3525d3d,2026-09-05 14:27:00,None,Maharashtra,Cloud Migration Engineer,FALSE,https://www.accenture.com/in-en/careers/jobdetails?id=ATCI-5708344-S2062469_en&title=Cloud%20Migration%20Engineer,400001
2e3a227f79fccb6931db8711c8eda272,Huntington Beach,416,Starbucks Corp,USA,2026-06-09 04:50:00,2026-09-05 14:37:00,2e3a227f79fccb6931db8711c8eda272,2026-09-04 14:30:00,None,CA,"barista - Store# 58945, BROOKHURST AND HAMILTON",FALSE,https://apply.starbucks.com/careers/job/481078622813,92646
2e3a284c619cd5515dbeb3c571f1d6df,Bengaluru,9694,AECOM,IND,2026-08-05 14:39:00,None,2e3a284c619cd5515dbeb3c571f1d6df,2026-09-05 14:50:00,None,Karnataka,Principal Engineer-Transportation Planning,FALSE,https://jobs.smartrecruiters.com/AECOM2/744000141667465-principal-engineer-transportation-planning,560001
2e3a30c51e611b2779a082139f36132e,Krasnoyarsk,79244,Rosneft Oil Co,RUS,2026-09-03 05:02:00,2026-09-05 05:03:00,2e3a30c51e611b2779a082139f36132e,2026-09-04 05:24:00,None,None,Chief Specialist of the Drilling Technologies Department,FALSE,https://www.rosneft.ru/about/career/#Главный специалист отдела технологий бурения/Красноярск#552,660000
2e3a3108cee51936b883b28654a3e88c,Estero,20480,Lee Health System Inc,USA,2026-01-23 02:02:00,None,2e3a3108cee51936b883b28654a3e88c,2026-09-05 00:40:00,2026-07-08 01:37:00,FL,Urogynecology Physician,FALSE,https://jobs.leehealth.org/job/18399/urogynecology-physician-physician-us-fl-estero-77538-2/,33928
2e3a3c7a51d483cb032cc02a6d177586,Shenzhen,66212,SF Holdings Co Ltd,CHN,2025-09-16 14:18:00,None,2e3a3c7a51d483cb032cc02a6d177586,2026-09-05 00:52:00,2026-08-07 01:09:00,None,GDK-Product Manager,FALSE,"https://hr.sf-express.com/JobSearchById/61041,3",None
2e3a3d71901ef3e38db28b91e8bf2cc8,Libertyville,80715,Mercedes-Benz of Midlothian,USA,2026-07-29 14:24:00,None,2e3a3d71901ef3e38db28b91e8bf2cc8,2026-09-05 14:27:00,None,IL,Honda Automotive Sales Associate,FALSE,https://jobs.lever.co/murgadoautomotive/1de3278b-7c1e-43d3-a59c-0faecd575f03,60048
1562d0ba9f98334e424f63f197901beb,Irvine,12759,Verizon Communications Inc,USA,2026-07-14 18:07:00,None,2e3a3f73b6daac83bdd8fc46905334c3,2026-09-05 17:00:00,2026-08-27 17:28:00,CA,Account Manager-SMB Sales,FALSE,https://verizon.wd12.myworkdayjobs.com/verizon-careers/job/San-Diego-California/Account-Manager-SMB-Sales_R-1097634-2#Irvine%2C%20CA,92612
2e3a4257e7ffe510117e1a59fc3a531d,Bloomington,100730,Simtra US LLC,USA,2026-08-29 02:19:00,None,2e3a4257e7ffe510117e1a59fc3a531d,2026-09-05 02:24:00,2026-09-03 04:33:00,IN,QC Compliance Analyst,FALSE,https://job-boards.greenhouse.io/simtrabps/jobs/5192227007,47401
2e3a42ca5a8c51d11174b8e397d6536b,Montclair,21027,Macy's Inc,USA,2026-08-23 16:31:00,None,2e3a42ca5a8c51d11174b8e397d6536b,2026-09-05 16:24:00,None,CA,"Retail Sales Associate, Montclair Plaza - Full Time",FALSE,https://ebwh.fa.us2.oraclecloud.com/hcmUI/CandidateExperience/en/sites/CX_1001/requisitions/preview/REQ_801522,91763
2e3a47654ac405b28833b27873fd3199,Solna,19421,Hitachi Ltd,SWE,2026-05-07 00:52:00,None,2e3a47654ac405b28833b27873fd3199,2026-09-05 04:48:00,None,Stockholm,Senior Project Controller,FALSE,https://careers.hitachi.com/jobs/17314810-senior-project-controller,171 45
2e3a480beeda72111c4af7ff28c70059,Changsha,302141,Hunan Snack Busy Commercial Chain Co Ltd,CHN,2026-06-12 01:48:00,None,2e3a480beeda72111c4af7ff28c70059,2026-09-05 01:40:00,2026-07-31 01:05:00,Hunan,对账会计/核票会计(J14094),FALSE,https://hnlshm4.zhiye.com/hnlshm4.zhiye.com/detail?jobAdId=0a2b68c1-8239-4a81-a028-1aaa8ab96c4e,410000
2e3a4838de6093f209f02bf44a5190fd,ontario,261,Dollar Tree Inc,USA,2025-08-13 19:20:00,None,2e3a4838de6093f209f02bf44a5190fd,2026-09-05 14:03:00,2025-10-16 03:20:00,CA,Customer Service Associate I,FALSE,https://careers.dollartree.com/us/en/job/R-007842,91761
2e3a4cfe0d7973c283da9cb2d13da20e,Kennewick,74,Best Buy Co Inc,USA,2026-08-06 14:10:00,None,2e3a4cfe0d7973c283da9cb2d13da20e,2026-09-05 16:59:00,None,WA,Retail Warehouse Associate,FALSE,https://jobs.bestbuy.com/bby?id=job_details&req_id=1038721BR,99336
21475b84b33ddded264123c289c8ab08,Austin,661,Cirrus Logic Inc,USA,2026-04-07 00:00:00,None,2e3a4f2ba3f810e3113532c33f59d644,2026-09-05 14:01:00,2026-07-10 16:30:00,TX,CAD Engineer (TC-50021286),FALSE,https://jobs.eu.lever.co/cirrus/e5ce8080-af73-4423-aa67-a5ca4712ed8c#Austin%2C%20TX,73301
688754712ab3856eb384106f8249ec51,St. Louis,75298,Protiviti Inc,USA,2026-06-05 07:38:00,None,2e3a5158673e07b94f272e70c41a9795,2026-09-05 05:02:00,None,MO,Microsoft Dynamics 365 Developer Senior Manager,FALSE,https://roberthalf.wd1.myworkdayjobs.com/ProtivitiNA/job/COLUMBUS/Microsoft-Dynamics-365-Developer-Senior-Manager_JR-260581#St.%20Louis%2C%20MO,63101
2e3a51fa4dd854f4723e0f18c2f7be9a,None,31679,Premium Retail Services Inc,USA,2026-09-04 04:05:00,2026-09-05 04:17:00,2e3a51fa4dd854f4723e0f18c2f7be9a,2026-09-04 04:05:00,None,AR,Retail Merchandiser - Walmart,TRUE,https://premium.avature.net/en_US/jobs/PipelineDetail?pipelineId=115392,72762
2e3a53e266c8fffda020d79dfe7275ac,Bangkok,24650,Chubb Ltd,THA,2026-08-20 15:07:00,None,2e3a53e266c8fffda020d79dfe7275ac,2026-09-05 15:09:00,None,None,Senior Executive Digital Partnership,FALSE,https://fa-ewgu-saasfaprod1.fa.ocs.oraclecloud.com/hcmUI/CandidateExperience/en/sites/CX_2001/requisitions/preview/36029,10100
2e3a55cbde22de3ef7c4c8fd02b4797c,Freehold,34810,Primark Stores Ltd,USA,2026-05-19 03:13:00,None,2e3a55cbde22de3ef7c4c8fd02b4797c,2026-09-05 06:40:00,2026-08-19 10:30:00,NJ,PART TIME OPERATIONS SUPPORT,FALSE,https://careers.primark.com/en/job/west-freehold/part-time-operations-support/8171/95254389136,07728
2e3a56d31842609bc84a3c2b56cee6fc,jonesboro,49560,Encompass Health Corp,USA,2025-10-14 12:38:00,None,2e3a56d31842609bc84a3c2b56cee6fc,2026-09-05 15:03:00,None,AR,Nursing Assistant,FALSE,https://ibwsjb.fa.ocs.oraclecloud.com/hcmUI/CandidateExperience/en/sites/CX_1/requisitions/preview/2428852,72404
2e3a57bc8a45acab0d27f4327a0332aa,shenzhen,76059,Ming Yuan Cloud Group Holdings Ltd,CHN,2023-07-05 07:46:00,None,2e3a57bc8a45acab0d27f4327a0332aa,2026-09-05 04:41:00,2025-10-09 05:14:00,Guangdong Sheng,Solution Expert (Smart Park),FALSE,https://zhaopin.mingyuanyun.com/apply/mingyuan/36251#/job/6b2efcf0-0661-42aa-a704-07a0862c489a,None
2e3a5c422d5b7ff0ebd4ed3304679d0f,Jasper,75591,Express Oil Change & Tire Engineers,USA,2026-07-31 05:50:00,None,2e3a5c422d5b7ff0ebd4ed3304679d0f,2026-09-05 05:27:00,None,AL,Automotive Technician,FALSE,https://jobs.smartrecruiters.com/EOCTEBP/744000140720989-automotive-technician,35501
2e3a61f8a4b3031c204162eceae96b58,London,31738,Smartsheet Inc,GBR,2026-08-14 00:46:00,None,2e3a61f8a4b3031c204162eceae96b58,2026-09-05 00:45:00,None,None,Professional Services Business Development Director,FALSE,https://job-boards.greenhouse.io/smartsheet/jobs/8127858,EC1A
e31f2bf969156f6187a2caff11bc0f23,Hemet,25096,Mondelez International Inc,USA,2026-05-30 01:08:00,2026-09-05 00:27:00,2e3a726d9a83f4cbfa400732ba369b0e,2026-09-04 00:17:00,None,CA,Part Time Nabisco Merchandiser,FALSE,https://wd3.myworkdaysite.com/recruiting/mdlz/External/job/Hemet-California-United-States/Part-Time-Nabisco-Merchandiser_R-168881#Hemet%2C%20CA,92543
2e3a75f3232b45df8c308033480edf53,Charlotte,23264,Rainbow Shops,USA,2026-08-26 00:36:00,None,2e3a75f3232b45df8c308033480edf53,2026-09-05 00:30:00,None,NC,Junior Assistant Manager,FALSE,https://www.rainbowshopsonline.com/jobs/jobinfotest.php?&job=Junior Assistant Manager&city=Charlotte&state=NC&Jobid=01175082320261503050#Junior Assistant Manager #NC#Charlotte,28202
2e3a7661cb39bd9c313e6b9a58d3d05e,Weaverville,48548,Terminix Service Inc,USA,2026-03-19 00:54:00,None,2e3a7661cb39bd9c313e6b9a58d3d05e,2026-09-05 01:11:00,None,NC,Pest Control Technician - Asheville SE,FALSE,https://trustterminix.applicantpro.com/jobs/4025999,28787
2e3a788d34990dc1d10b2619bd02b3dd,Boynton Beach,81472,"Ultimate Fitness Group, LLC",USA,2025-12-02 09:32:00,None,2e3a788d34990dc1d10b2619bd02b3dd,2026-09-05 02:24:00,2026-08-13 05:30:00,FL,Fitness Coach,FALSE,https://orangetheory-fitness-careers.otrecruit.com/jobs/2804083/apps/new,33426
2e3a7da82891b0399e71a8333a18a6c3,Fayetteville,17354,FedEx Corp,USA,2026-09-05 14:10:00,None,2e3a7da82891b0399e71a8333a18a6c3,2026-09-05 14:10:00,None,NC,Ops Supervisor - Station,FALSE,https://careers.fedex.com/ops-supervisor-station/job/P25-368548-2,28306
2e3a80267ed534a24c660a17286216e6,Shenzhen,104695,TCL Technology Group Corp,CHN,2026-08-13 18:30:00,None,2e3a80267ed534a24c660a17286216e6,2026-09-04 18:30:00,None,Guangdong,业财产品经理,FALSE,https://wecruit.hotjob.cn/SU64893571bef57c16d356b99e/pb/posDetail.html?postId=6a7d95661ad6db7cf800c484&postType=society,518000
2e3a87b02c7e1db1a3f4505ccd050ffa,Davie,3203,Costco Wholesale Corp,USA,2026-07-29 14:17:00,None,2e3a87b02c7e1db1a3f4505ccd050ffa,2026-09-05 14:34:00,None,FL,Meat Cutter,FALSE,https://careers.costco.com/jobs/57840,33314
0240cd54029eb065d7a52e3e2cca6007,Waupun,42182,State of Wisconsin,USA,2025-12-14 09:26:00,None,2e3a8b8f437b7e0651d32b4791ff5a77,2026-09-05 01:08:00,2026-07-15 01:14:00,WI,Physician,FALSE,https://wj.wi.gov/psc/wisjobs/CAREERS/HRMS/c/HRS_HRAM_FL.HRS_CG_SEARCH_FL.GBL?Page=HRS_APP_JBPST_FL&Action=U&FOCUS=Applicant&SiteId=1&JobOpeningId=17558&PostingSeq=1&SiteId=1#Waupun%2C%20WI,53963
85d3be417461aa4d36dce5f2d044208d,None,8693,CVS Health Corp,USA,2026-08-18 15:04:00,None,2e3a8b9e57f097e21744fd5997329344,2026-09-05 18:48:00,None,AL,Senior Engineer - Observability Platform,TRUE,https://cvshealth.wd1.myworkdayjobs.com/CVS_Health_Careers/job/RI---Work-from-home/Senior-Engineer---Observability-Platform_R1007913#AL,35201
2e3a8c0c7d5880a6565736733da65128,None,60987,KION Group AG,CHE,2026-04-23 03:30:00,None,2e3a8c0c7d5880a6565736733da65128,2026-09-05 00:58:00,None,Zurich,Servicetechniker Flurförderzeuge Region Linthebene (m/w/d),TRUE,https://kiongroup.wd3.myworkdayjobs.com/KIONGroup/job/Dietlikon-Switzerland/Servicetechniker-Flurfrderzeuge-Region-Linthebene--m-w-d-_JR-0091100,8305
0729d009aa75ac6014d2d0c298a4402e,Sterling,4385,Google LLC,USA,2026-08-07 14:16:00,None,2e3a8eeab19a03887e12b494b8d279db,2026-09-05 14:19:00,None,VA,"nGP Operations Manager, Global Server Operations",FALSE,https://careers.google.com/jobs/results/76746943002223302#Sterling%2C%20VA,20164
2e3a98cc5e17bc88ef9b57db071f93e1,Seattle,395,Weyerhaeuser Co,USA,2026-09-03 14:08:00,None,2e3a98cc5e17bc88ef9b57db071f93e1,2026-09-05 16:53:00,None,WA,Real Estate Paralegal-01024860,FALSE,https://weyerhaeuser.taleo.net/careersection/10000/jobsearch.ftl?lang=enreal-estate-paralegal-01024860,98101
