end_date,job_hash,remote_detail,remote_status,start_date
None,f111b40690c5c1afca81650136beb737,None,False,2024-06-12
None,f111b41201c57cb1d6da83e0b7b5ad60,None,False,2024-06-12
None,f111b4143de1770d9df463b8d0dc7938,None,False,2024-06-12
None,f111b46791b2f469bb5c195152d59e98,None,False,2024-06-12
None,f111b474518af8e63e619f6aa0917573,None,False,2025-02-14
2024-10-17,f111b4920c4f35414e6e68bbcafa16ec,None,True,2024-06-12
None,f111b4920c4f35414e6e68bbcafa16ec,Hybrid,True,2024-10-17
None,f111b4994b364148091533807ab30296,None,False,2024-06-12
None,f111b49ae75c645710bb170eb212ad36,None,False,2024-06-12
None,f111b4a3bfddfa60f77c6eb20d8f3f17,None,False,2024-06-12
2024-10-17,f111b4ae699bc717b60319320197acae,None,True,2024-06-12
None,f111b4ae699bc717b60319320197acae,Remote,True,2024-10-17
None,f111b4b608937d50fc699cb2c4e3d7d5,None,False,2024-06-12
None,f111b4bb2a108f1ffab358387855334b,None,False,2024-06-12
None,f111b4cb8a684d874fdc791ad71e7dab,None,False,2024-06-12
None,f111b4d957992038898a021997b9edb9,None,False,2024-10-29
None,f111b5225b33ea65d5869a31cb7ad97d,None,False,2024-06-12
None,f111b52339dd4cc622be6fb5eee888bf,None,False,2024-06-12
None,f111b524a386df4b9b2bacf5857f0113,None,False,2024-10-23
None,f111b5485cb11929324d92b06cd06106,None,False,2026-07-04
None,f111b54a0e207f5de6e22a0d792590da,None,False,2024-06-12
None,f111b55a88d310adb4f84ab7b7ae090e,None,False,2024-06-12
None,f111b567d63d79aae0f8a4e37ac41647,None,False,2024-06-27
None,f111b57d4180d144bf4533caef7bfda0,None,False,2024-06-12
None,f111b58cb3de58cde0595fefd778b4d4,None,False,2024-06-12
None,f111b59e9b1126ce892c3b4d3155241d,None,False,2024-06-12
None,f111b5a0c1282e1722a651b1ab46cc59,None,False,2024-06-12
None,f111b5cba4ea3847091c8364719dcbd2,None,False,2024-06-12
None,f111b5d37d4556225fefb926ba1f4dc8,None,False,2024-06-12
None,f111b5dbeea27f080ec9e08b3fd3e3e3,None,False,2024-06-12
None,f111b5f69f0a957e78001468c79ff239,None,False,2024-06-12
None,f111b603b75884e4547deed7c62c2da6,None,False,2024-06-12
None,f111b6084998fa9c50ad6640130bc154,None,False,2024-10-17
None,f111b62da755c728e50662a392a2e5c7,None,False,2024-06-12
None,f111b6466f079672cf6ff08f306185dc,None,False,2026-08-31
None,f111b64b959f931cf3649b29f3d82780,None,False,2024-06-12
None,f111b665ca6984d6f0b71311a74ed2e6,None,False,2024-06-11
None,f111b66a95a6528980f60e70c7456d96,None,False,2024-06-12
None,f111b68724070a9e04ac978c141f81c4,None,False,2024-06-12
None,f111b6886990b455d9374a0987b7eaa7,None,False,2024-06-12
None,f111b6a4ea3df6bb25e17612356a102d,None,False,2024-06-11
None,f111b6bc753a9a5ba06a4d3da4a6691c,None,False,2026-01-30
None,f111b6bfb92c6c3ccc2f91d052c8bde8,None,False,2024-06-12
None,f111b6c84f469c03c2b030433135ac17,None,False,2024-06-08
None,f111b6cf0b24a0e680faa1853ac6374c,None,False,2024-10-22
None,f111b6f74d671d32e0fadf73d34d5d25,None,False,2024-06-12
None,f111b6f8694317e3e5585b7b28ed385e,None,False,2024-06-12
None,f111b6fac2e2a49ce7cd77f5883a2927,None,False,2025-01-02
None,f111b6fd3c9e9a7f4e0a1a0528eda819,None,False,2024-06-11
None,f111b70ca74586d1f3b2063f0aa1db7f,None,False,2024-06-12
None,f111b712f4fbc3a4c88487b742432e5e,None,False,2024-06-12
None,f111b71342d41764e935cbde9c648dfa,None,False,2024-06-12
None,f111b7166f2561d640f33804e63e009c,None,False,2024-06-12
None,f111b717ef1639ed74f1f7a66573e082,None,False,2024-11-14
None,f111b71abc6388197f6cbedc492baeaf,None,False,2024-06-12
None,f111b74723c91d811347afda43739bcc,None,False,2024-06-12
2024-10-17,f111b74a2d31123238d5bd2f9a4becb5,None,True,2024-06-12
None,f111b74a2d31123238d5bd2f9a4becb5,Remote,True,2024-10-17
None,f111b763ea4fce4dd3213154473bd8ee,None,False,2024-06-12
None,f111b76da6c20306b10633f90ca5ac3a,None,False,2024-06-12
None,f111b772f0a3a29a08e89e98e241c271,None,False,2024-06-11
None,f111b788b97479204076b1768ed794e6,None,False,2024-06-12
None,f111b7914ef074d722361f8ade23ed6d,None,False,2024-06-12
None,f111b792f12a2728d9da2c7b9b564227,None,False,2024-06-11
None,f111b793c92cbc6d74cdeb6a1033754b,None,False,2024-06-12
None,f111b7a455aebf3689aa77570213b8be,None,False,2024-06-12
None,f111b7abab16d16553945e10467a9959,None,False,2024-06-12
None,f111b7d578a8e0ef79d9171119a6aa15,None,False,2024-06-12
None,f111b7da4bc38f43a1437301f7f3e966,None,False,2024-10-25
None,f111b7ddbc97f1d54d810f2e07724c30,None,False,2024-07-14
None,f111b7ee684741832e297a6110f9e5fc,None,False,2024-06-12
None,f111b802a4f3c14286ff81a21b4b2228,None,False,2024-06-12
None,f111b80bb5796da0c9b6c240ce26ede5,None,False,2024-06-11
None,f111b8108a1da751e1cf638bd229abe0,None,False,2024-06-12
None,f111b81767dc8bfdc062bb26b2644e49,None,False,2024-06-12
None,f111b849ef1ab7658a586369da778f05,None,False,2025-03-15
None,f111b878f730bb7767a162484d0f7c91,None,False,2024-09-06
None,f111b89f142060d3a73b5456bfb97415,None,False,2024-06-12
None,f111b8ab2b3dc23287ac7ec652121d8e,None,False,2024-06-12
None,f111b8bb7fccd0d90dd0e31ecafb8f85,None,False,2024-06-12
2024-10-17,f111b8d47574c58d2286dbcac8f30789,None,True,2024-06-11
None,f111b8d47574c58d2286dbcac8f30789,Remote,True,2024-10-17
None,f111b8dd4725a9bc323a2dc6b636f215,None,False,2024-06-12
None,f111b8f0eecccae9ac95af99e935bcac,None,False,2024-12-05
None,f111b8f22e9f5d196549c2f31ec5a384,None,False,2024-06-12
None,f111b8fce3608f9dbea7c5483ad6599b,None,False,2025-11-26
None,f111b9020dc1760430361633e1f2c14d,None,False,2024-12-18
None,f111b907525c53406333728887fdbeb0,None,False,2024-06-12
None,f111b91cbd5f720e23d283b04d788a4a,None,False,2026-03-10
None,f111b91e7ab1b7229bb090382f877e5c,None,False,2024-08-30
None,f111b91f1cba2a3e32716d20a0d91990,None,False,2024-06-12
None,f111b928500d25452eaf661847b4c733,None,False,2024-06-12
None,f111b92b6326af42695077f09c578c1b,None,False,2024-06-12
None,f111b932957a30dbedb26c76a33f1cef,None,False,2024-06-12
None,f111b9426e7790f2c7198696a10e2197,None,False,2024-06-12
None,f111b9578d7790dfafc1c6f42ca97e6d,None,False,2024-06-12
None,f111b95ced1e0d57c0c3ea2d1df3837f,None,False,2024-06-12
None,f111b96403c049694295dafb363c5710,None,False,2024-06-12
None,f111b9757877ae301e0d8ed44f97c943,None,False,2024-06-12
None,f111b9931b50b7a7445f923bfa4b3fed,None,False,2024-06-12
